"id","vuosi","indeksi","inflaatio","finunit","finconv","tuntiansio","voi","perunat","kahvi","viina","junalippu","sweconv","sweunit","rusconv","rusunit","ukconv","ukunit","usaconv","usaunit","gerconv","gerunit","fraconv","fraunit","finabbr","sweabbr","rusabbr","ukabbr","usaabbr","gerabbr","fraabbr"
"1","1810","0,733","..","Paperirupla","520,251375","0,09","0,461","..","..","..","..","0,318","Riikintaaleri banco","1,000","Paperirupla","0,06208","Punta","..","Dollari","0,64563","Mark banco","..","Frangi","Rub banco","Rdr banco","Rub banco","GBP","USD","M Banco","Fr"
"2","1811","0,652","..","Paperirupla","520,251375","0,09","0,375","..","..","..","..","0,360","Riikintaaleri banco","1,000","Paperirupla","0,05833","Punta","..","Dollari","0,53000","Mark banco","..","Frangi","Rub banco","Rdr banco","Rub banco","GBP","USD","M Banco","Fr"
"3","1812","0,615","..","Paperirupla","520,251375","0,08","0,311","..","..","..","..","0,438","Riikintaaleri banco","1,000","Paperirupla","0,08042","Punta","..","Dollari","0,71625","Mark banco","..","Frangi","Rub banco","Rdr banco","Rub banco","GBP","USD","M Banco","Fr"
"4","1813","0,612","..","Paperirupla","520,251375","0,08","0,345","..","..","..","..","0,456","Riikintaaleri banco","1,000","Paperirupla","0,06500","Punta","..","Dollari","0,66188","Mark banco","..","Frangi","Rub banco","Rdr banco","Rub banco","GBP","USD","M Banco","Fr"
"5","1814","0,646","..","Paperirupla","520,251375","0,08","0,429","..","..","..","..","0,395","Riikintaaleri banco","1,000","Paperirupla","0,05208","Punta","..","Dollari","0,57313","Mark banco","..","Frangi","Rub banco","Rdr banco","Rub banco","GBP","USD","M Banco","Fr"
"6","1815","0,644","..","Paperirupla","520,251375","0,09","0,474","..","..","..","..","0,384","Riikintaaleri banco","1,000","Paperirupla","0,04583","Punta","..","Dollari","0,51813","Mark banco","..","Frangi","Rub banco","Rdr banco","Rub banco","GBP","USD","M Banco","Fr"
"7","1816","0,645","..","Paperirupla","520,251375","0,09","0,427","..","..","..","..","0,463","Riikintaaleri banco","1,000","Paperirupla","0,04167","Punta","..","Dollari","0,55000","Mark banco","..","Frangi","Rub banco","Rdr banco","Rub banco","GBP","USD","M Banco","Fr"
"8","1817","0,700","..","Paperirupla","520,251375","0,09","0,425","..","..","..","..","0,460","Riikintaaleri banco","1,000","Paperirupla","0,04583","Punta","..","Dollari","0,60750","Mark banco","..","Frangi","Rub banco","Rdr banco","Rub banco","GBP","USD","M Banco","Fr"
"9","1818","0,758","..","Paperirupla","520,251375","0,09","0,397","..","..","..","..","0,475","Riikintaaleri banco","1,000","Paperirupla","0,05000","Punta","..","Dollari","0,62438","Mark banco","..","Frangi","Rub banco","Rdr banco","Rub banco","GBP","USD","M Banco","Fr"
"10","1819","0,587","..","Paperirupla","520,251375","0,08","0,386","..","..","..","..","0,505","Riikintaaleri banco","1,000","Paperirupla","0,04583","Punta","..","Dollari","0,58625","Mark banco","..","Frangi","Rub banco","Rdr banco","Rub banco","GBP","USD","M Banco","Fr"
"11","1820","0,507","..","Paperirupla","520,251375","0,09","0,388","..","..","..","..","0,515","Riikintaaleri banco","1,000","Paperirupla","0,04167","Punta","..","Dollari","0,56375","Mark banco","..","Frangi","Rub banco","Rdr banco","Rub banco","GBP","USD","M Banco","Fr"
"12","1821","0,665","..","Paperirupla","520,251375","0,10","0,372","..","..","..","..","0,471","Riikintaaleri banco","1,000","Paperirupla","0,04167","Punta","..","Dollari","0,55375","Mark banco","..","Frangi","Rub banco","Rdr banco","Rub banco","GBP","USD","M Banco","Fr"
"13","1822","0,587","..","Paperirupla","520,251375","0,10","0,357","..","..","..","..","0,486","Riikintaaleri banco","1,000","Paperirupla","0,04167","Punta","..","Dollari","0,56313","Mark banco","..","Frangi","Rub banco","Rdr banco","Rub banco","GBP","USD","M Banco","Fr"
"14","1823","0,567","..","Paperirupla","520,251375","0,10","0,353","..","..","..","..","0,485","Riikintaaleri banco","1,000","Paperirupla","0,04167","Punta","..","Dollari","0,55375","Mark banco","..","Frangi","Rub banco","Rdr banco","Rub banco","GBP","USD","M Banco","Fr"
"15","1824","0,578","..","Paperirupla","520,251375","0,10","0,380","..","..","..","..","0,488","Riikintaaleri banco","1,000","Paperirupla","0,03750","Punta","..","Dollari","0,54250","Mark banco","..","Frangi","Rub banco","Rdr banco","Rub banco","GBP","USD","M Banco","Fr"
"16","1825","0,576","..","Paperirupla","520,251375","0,10","0,361","..","..","..","..","0,502","Riikintaaleri banco","1,000","Paperirupla","0,04167","Punta","..","Dollari","0,57563","Mark banco","..","Frangi","Rub banco","Rdr banco","Rub banco","GBP","USD","M Banco","Fr"
"17","1826","0,559","..","Paperirupla","520,251375","0,10","0,361","..","..","..","..","0,505","Riikintaaleri banco","1,000","Paperirupla","0,04167","Punta","..","Dollari","0,54813","Mark banco","..","Frangi","Rub banco","Rdr banco","Rub banco","GBP","USD","M Banco","Fr"
"18","1827","0,488","..","Paperirupla","520,251375","0,10","0,338","..","..","..","..","0,554","Riikintaaleri banco","1,000","Paperirupla","0,04167","Punta","..","Dollari","0,58313","Mark banco","..","Frangi","Rub banco","Rdr banco","Rub banco","GBP","USD","M Banco","Fr"
"19","1828","0,469","..","Paperirupla","520,251375","0,10","0,324","..","..","..","..","0,526","Riikintaaleri banco","1,000","Paperirupla","0,04167","Punta","..","Dollari","0,58625","Mark banco","..","Frangi","Rub banco","Rdr banco","Rub banco","GBP","USD","M Banco","Fr"
"20","1829","0,462","..","Paperirupla","520,251375","0,10","0,321","..","..","..","..","0,522","Riikintaaleri banco","1,000","Paperirupla","0,04583","Punta","..","Dollari","0,60625","Mark banco","..","Frangi","Rub banco","Rdr banco","Rub banco","GBP","USD","M Banco","Fr"
"21","1830","0,499","..","Paperirupla","520,251375","0,10","0,356","..","..","..","..","0,549","Riikintaaleri banco","1,000","Paperirupla","0,04583","Punta","..","Dollari","0,60750","Mark banco","..","Frangi","Rub banco","Rdr banco","Rub banco","GBP","USD","M Banco","Fr"
"22","1831","0,518","..","Paperirupla","520,251375","0,10","0,355","..","..","..","..","0,583","Riikintaaleri banco","1,000","Paperirupla","0,04583","Punta","..","Dollari","0,60500","Mark banco","..","Frangi","Rub banco","Rdr banco","Rub banco","GBP","USD","M Banco","Fr"
"23","1832","0,518","..","Paperirupla","520,251375","0,10","0,348","..","..","..","..","0,613","Riikintaaleri banco","1,000","Paperirupla","0,04167","Punta","..","Dollari","0,60000","Mark banco","..","Frangi","Rub banco","Rdr banco","Rub banco","GBP","USD","M Banco","Fr"
"24","1833","0,516","..","Paperirupla","520,251375","0,10","0,337","..","..","..","..","0,602","Riikintaaleri banco","1,000","Paperirupla","0,04583","Punta","..","Dollari","0,60438","Mark banco","..","Frangi","Rub banco","Rdr banco","Rub banco","GBP","USD","M Banco","Fr"
"25","1834","0,542","..","Paperirupla","520,251375","0,10","0,308","..","..","..","..","0,559","Riikintaaleri banco","1,000","Paperirupla","0,04583","Punta","..","Dollari","0,41375","Mark banco","..","Frangi","Rub banco","Rdr banco","Rub banco","GBP","USD","M Banco","Fr"
"26","1835","0,582","..","Paperirupla","520,251375","0,10","0,324","..","..","..","..","0,533","Riikintaaleri banco","1,000","Paperirupla","0,04583","Punta","..","Dollari","0,59625","Mark banco","..","Frangi","Rub banco","Rdr banco","Rub banco","GBP","USD","M Banco","Fr"
"27","1836","0,560","..","Paperirupla","520,251375","0,10","0,346","..","..","..","..","0,523","Riikintaaleri banco","1,000","Paperirupla","0,04583","Punta","..","Dollari","0,60125","Mark banco","..","Frangi","Rub banco","Rdr banco","Rub banco","GBP","USD","M Banco","Fr"
"28","1837","0,542","..","Paperirupla","520,251375","0,10","0,341","..","..","..","..","0,535","Riikintaaleri banco","1,000","Paperirupla","0,04583","Punta","..","Dollari","0,59750","Mark banco","..","Frangi","Rub banco","Rdr banco","Rub banco","GBP","USD","M Banco","Fr"
"29","1838","0,521","..","Paperirupla","520,251375","0,10","0,347","..","..","..","..","0,550","Riikintaaleri banco","1,000","Paperirupla","0,04583","Punta","..","Dollari","0,61188","Mark banco","..","Frangi","Rub banco","Rdr banco","Rub banco","GBP","USD","M Banco","Fr"
"30","1839","0,529","..","Paperirupla","520,251375","0,10","0,340","..","..","..","..","0,563","Riikintaaleri banco","1,000","Paperirupla","0,04583","Punta","..","Dollari","0,63054","Mark banco","..","Frangi","Rub banco","Rdr banco","Rub banco","GBP","USD","M Banco","Fr"
"31","1840","0,602","..","Rupla","148,64325","0,03","0,104","..","..","..","..","1,935","Riikintaaleri banco","1,000","Rupla","0,16337","Punta","..","Dollari","2,17063","Mark banco","3,9295","Frangi","Rub","Rdr banco","Rub","GBP","USD","M Banco","Fr"
"32","1841","0,607","..","Rupla","148,64325","0,03","0,104","..","..","..","..","1,941","Riikintaaleri banco","1,000","Rupla","0,16177","Punta","..","Dollari","2,16438","Mark banco","3,9298","Frangi","Rub","Rdr banco","Rub","GBP","USD","M Banco","Fr"
"33","1842","0,568","..","Rupla","148,64325","0,03","0,104","..","..","..","..","1,909","Riikintaaleri banco","1,000","Rupla","0,15759","Punta","..","Dollari","2,14125","Mark banco","3,9811","Frangi","Rub","Rdr banco","Rub","GBP","USD","M Banco","Fr"
"34","1843","0,581","..","Rupla","148,64325","0,03","0,118","..","..","..","..","1,903","Riikintaaleri banco","1,000","Rupla","0,15662","Punta","..","Dollari","2,14938","Mark banco","4,0350","Frangi","Rub","Rdr banco","Rub","GBP","USD","M Banco","Fr"
"35","1844","0,554","..","Rupla","148,64325","0,03","0,107","..","..","..","..","1,909","Riikintaaleri banco","1,000","Rupla","0,15858","Punta","..","Dollari","2,16313","Mark banco","4,0500","Frangi","Rub","Rdr banco","Rub","GBP","USD","M Banco","Fr"
"36","1845","0,589","..","Rupla","148,64325","0,03","0,104","..","..","..","..","1,896","Riikintaaleri banco","1,000","Rupla","0,15800","Punta","..","Dollari","2,16750","Mark banco","4,0610","Frangi","Rub","Rdr banco","Rub","GBP","USD","M Banco","Fr"
"37","1846","0,570","..","Rupla","148,64325","0,03","0,113","..","..","..","..","1,900","Riikintaaleri banco","1,000","Rupla","0,15876","Punta","..","Dollari","2,16688","Mark banco","4,1150","Frangi","Rub","Rdr banco","Rub","GBP","USD","M Banco","Fr"
"38","1847","0,562","..","Rupla","148,64325","0,03","0,114","..","..","..","..","1,915","Riikintaaleri banco","1,000","Rupla","0,16686","Punta","..","Dollari","2,17750","Mark banco","4,1200","Frangi","Rub","Rdr banco","Rub","GBP","USD","M Banco","Fr"
"39","1848","0,580","..","Rupla","148,64325","0,03","0,114","..","..","..","..","1,872","Riikintaaleri banco","1,000","Rupla","0,15267","Punta","..","Dollari","2,08438","Mark banco","3,8500","Frangi","Rub","Rdr banco","Rub","GBP","USD","M Banco","Fr"
"40","1849","0,564","..","Rupla","148,64325","0,03","0,111","..","..","..","..","1,820","Riikintaaleri banco","1,000","Rupla","0,15454","Punta","..","Dollari","2,10313","Mark banco","3,8750","Frangi","Rub","Rdr banco","Rub","GBP","USD","M Banco","Fr"
"41","1850","0,563","..","Rupla","148,64325","0,03","0,116","..","..","..","..","1,880","Riikintaaleri banco","1,000","Rupla","0,15913","Punta","..","Dollari","2,14750","Mark banco","3,9900","Frangi","Rub","Rdr banco","Rub","GBP","USD","M Banco","Fr"
"42","1851","0,581","..","Rupla","148,64325","0,03","0,114","0,028","..","..","..","1,865","Riikintaaleri banco","1,000","Rupla","0,15804","Punta","..","Dollari","2,10375","Mark banco","3,9300","Frangi","Rub","Rdr banco","Rub","GBP","USD","M Banco","Fr"
"43","1852","0,595","..","Rupla","148,64325","0,03","0,109","0,033","..","..","..","1,892","Riikintaaleri banco","1,000","Rupla","0,15950","Punta","..","Dollari","2,13875","Mark banco","4,0100","Frangi","Rub","Rdr banco","Rub","GBP","USD","M Banco","Fr"
"44","1853","0,638","..","Rupla","148,64325","0,03","0,115","0,024","..","..","..","1,887","Riikintaaleri banco","1,000","Rupla","0,16154","Punta","..","Dollari","2,14063","Mark banco","4,0400","Frangi","Rub","Rdr banco","Rub","GBP","USD","M Banco","Fr"
"45","1854","0,656","..","Rupla","148,64325","0,03","0,123","0,029","..","..","..","1,703","Riikintaaleri banco","1,000","Rupla","0,15529","Punta","..","Dollari","1,98188","Mark banco","3,7160","Frangi","Rub","Rdr banco","Rub","GBP","USD","M Banco","Fr"
"46","1855","0,708","..","Rupla","148,64325","0,03","0,136","0,036","..","..","..","1,754","Riikintaaleri banco","1,000","Rupla","0,15075","Punta","..","Dollari","1,98250","Mark banco","3,7550","Frangi","Rub","Rdr banco","Rub","GBP","USD","M Banco","Fr"
"47","1856","0,787","..","Rupla","148,64325","0,03","0,152","0,049","..","..","..","1,858","Riikintaaleri banco","1,000","Rupla","0,15892","Punta","..","Dollari","2,11125","Mark banco","3,9150","Frangi","Rub","Rdr banco","Rub","GBP","USD","M Banco","Fr"
"48","1857","0,808","..","Rupla","148,64325","0,04","0,156","0,047","..","..","..","1,840","Riikintaaleri banco","1,000","Rupla","0,15663","Punta","..","Dollari","2,06500","Mark banco","3,8150","Frangi","Rub","Rdr banco","Rub","GBP","USD","M Banco","Fr"
"49","1858","0,749","..","Rupla","148,64325","0,04","0,148","0,030","..","..","..","2,626","Riikintaaleri","1,000","Rupla","0,14967","Punta","..","Dollari","1,98375","Mark banco","3,8150","Frangi","Rub","Rdr rmt","Rub","GBP","USD","M Banco","Fr"
"50","1859","0,684","..","Rupla","148,64325","0,04","0,152","0,021","..","..","..","2,584","Riikintaaleri","1,000","Rupla","0,14667","Punta","..","Dollari","1,92000","Mark banco","3,5400","Frangi","Rub","Rdr rmt","Rub","GBP","USD","M Banco","Fr"
"51","1860","0,680","..","Rupla","148,64325","0,04","0,155","0,022","..","..","..","2,623","Riikintaaleri","1,000","Rupla","0,14913","Punta","..","Dollari","1,95625","Mark banco","3,7425","Frangi","Rub","Rdr rmt","Rub","GBP","USD","M Banco","Fr"
"52","1861","0,742","..","Rupla","148,64325","0,04","0,164","0,028","..","..","..","2,565","Riikintaaleri","1,000","Rupla","0,14350","Punta","..","Dollari","1,90563","Mark banco","3,6025","Frangi","Rub","Rdr rmt","Rub","GBP","USD","M Banco","Fr"
"53","1862","0,875","..","Rupla","148,64325","0,04","0,162","0,041","..","..","..","2,549","Riikintaaleri","1,000","Rupla","0,14342","Punta","..","Dollari","1,91750","Mark banco","3,6100","Frangi","Rub","Rdr rmt","Rub","GBP","USD","M Banco","Fr"
"54","1863","0,814","-7,1","Markka","594,573","0,18","0,680","0,137","..","..","4,00","2,677","Riikintaaleri","0,250","Rupla","0,15179","Punta","..","Dollari","2,02625","Mark banco","3,7450","Frangi","Mk","Rdr rmt","Rub","GBP","USD","M Banco","Fr"
"55","1864","0,772","-5,1","Markka","594,573","0,18","0,702","0,110","..","..","4,00","0,595","Riikintaaleri","0,250","Rupla","0,03382","Punta","..","Dollari","0,44907","Mark banco","0,8501","Frangi","Mk","Rdr rmt","Rub","GBP","USD","M Banco","Fr"
"56","1865","0,783","1,3","Markka","594,573","0,18","0,717","0,123","..","..","4,00","0,594","Riikintaaleri","0,258","Rupla","0,03361","Punta","..","Dollari","0,44934","Mark banco","0,8424","Frangi","Mk","Rdr rmt","Rub","GBP","USD","M Banco","Fr"
"57","1866","0,731","-6,6","Markka","594,573","0,18","0,644","0,110","..","..","4,00","0,696","Riikintaaleri","0,321","Rupla","0,03945","Punta","..","Dollari","0,52723","Mark banco","0,9898","Frangi","Mk","Rdr rmt","Rub","GBP","USD","M Banco","Fr"
"58","1867","0,783","7,0","Markka","594,573","0,18","0,603","0,147","..","..","4,00","0,701","Riikintaaleri","0,292","Rupla","0,03940","Punta","..","Dollari","0,52910","Mark banco","0,9901","Frangi","Mk","Rdr rmt","Rub","GBP","USD","M Banco","Fr"
"59","1868","0,772","-1,3","Markka","594,573","0,18","0,706","0,180","..","..","4,00","0,706","Riikintaaleri","0,287","Rupla","0,03935","Punta","..","Dollari","0,52910","Mark banco","0,9901","Frangi","Mk","Rdr rmt","Rub","GBP","USD","M Banco","Fr"
"60","1869","0,700","-9,3","Markka","594,573","0,18","0,714","0,133","..","..","4,00","0,707","Riikintaaleri","0,275","Rupla","0,03931","Punta","..","Dollari","0,52910","Mark banco","0,9901","Frangi","Mk","Rdr rmt","Rub","GBP","USD","M Banco","Fr"
"61","1870","0,669","-4,4","Markka","594,573","0,19","0,754","0,077","..","..","4,00","0,704","Riikintaaleri","0,318","Rupla","0,03943","Punta","..","Dollari","0,53042","Mark banco","0,9931","Frangi","Mk","Rdr rmt","Rub","GBP","USD","M Banco","Fr"
"62","1871","0,711","6,2","Markka","594,573","0,19","0,780","0,093","..","..","4,00","0,704","Riikintaaleri","0,298","Rupla","0,03945","Punta","..","Dollari","0,53299","Mark banco","1,0098","Frangi","Mk","Rdr rmt","Rub","GBP","USD","M Banco","Fr"
"63","1872","0,762","7,2","Markka","594,573","0,20","0,780","0,110","..","..","4,00","0,706","Riikintaaleri","0,291","Rupla","0,03970","Punta","..","Dollari","0,53634","Mark banco","1,0101","Frangi","Mk","Rdr rmt","Rub","GBP","USD","M Banco","Fr"
"64","1873","0,762","0,0","Markka","594,573","0,21","0,826","0,087","..","..","4,00","0,711","Kruunu","0,283","Rupla","0,03984","Punta","..","Dollari","0,80769","Markka","1,0153","Frangi","Mk","SKR","Rub","GBP","USD","M","Fr"
"65","1874","0,824","8,1","Markka","594,573","0,21","0,945","0,163","..","..","4,00","0,716","Kruunu","0,287","Rupla","0,03975","Punta","..","Dollari","0,81070","Markka","1,0051","Frangi","Mk","SKR","Rub","GBP","USD","M","Fr"
"66","1875","0,824","0,0","Markka","594,573","0,21","0,941","0,230","..","..","4,00","0,702","Kruunu","0,283","Rupla","0,03885","Punta","..","Dollari","0,79618","Markka","0,9795","Frangi","Mk","SKR","Rub","GBP","USD","M","Fr"
"67","1876","0,824","0,0","Markka","594,573","0,22","1,026","0,140","..","..","4,00","0,641","Kruunu","0,275","Rupla","0,03550","Punta","..","Dollari","0,72733","Markka","0,8955","Frangi","Mk","SKR","Rub","GBP","USD","M","Fr"
"68","1877","0,793","-3,8","Markka","594,573","0,23","0,920","0,093","..","..","4,00","0,687","Kruunu","0,346","Rupla","0,03798","Punta","..","Dollari","0,77857","Markka","0,9550","Frangi","Mk","SKR","Rub","GBP","USD","M","Fr"
"69","1878","0,721","-9,1","Markka","594,573","0,22","0,691","0,107","..","..","4,00","0,713","Kruunu","0,382","Rupla","0,03943","Punta","..","Dollari","0,80476","Markka","0,9909","Frangi","Mk","SKR","Rub","GBP","USD","M","Fr"
"70","1879","0,669","-7,1","Markka","594,573","0,22","0,618","0,133","..","..","4,00","0,716","Kruunu","0,442","Rupla","0,03965","Punta","..","Dollari","0,80841","Markka","1,0000","Frangi","Mk","SKR","Rub","GBP","USD","M","Fr"
"71","1880","0,742","10,8","Markka","594,573","0,22","0,886","0,143","..","..","4,00","0,718","Kruunu","0,376","Rupla","0,03954","Punta","..","Dollari","0,80600","Markka","0,9992","Frangi","Mk","SKR","Rub","GBP","USD","M","Fr"
"72","1881","0,783","5,6","Markka","594,573","0,23","0,932","0,117","..","..","4,00","0,719","Kruunu","0,377","Rupla","0,03948","Punta","..","Dollari","0,80502","Markka","0,9999","Frangi","Mk","SKR","Rub","GBP","USD","M","Fr"
"73","1882","0,731","-6,6","Markka","594,573","0,23","0,883","0,110","..","..","4,00","0,718","Kruunu","0,392","Rupla","0,03943","Punta","..","Dollari","0,80425","Markka","0,9984","Frangi","Mk","SKR","Rub","GBP","USD","M","Fr"
"74","1883","0,711","-2,8","Markka","594,573","0,23","0,851","0,130","..","..","4,00","0,719","Kruunu","0,402","Rupla","0,03945","Punta","..","Dollari","0,80470","Markka","0,9961","Frangi","Mk","SKR","Rub","GBP","USD","M","Fr"
"75","1884","0,700","-1,4","Markka","594,573","0,23","0,861","0,140","..","..","4,00","0,719","Kruunu","0,392","Rupla","0,03945","Punta","..","Dollari","0,80515","Markka","0,9953","Frangi","Mk","SKR","Rub","GBP","USD","M","Fr"
"76","1885","0,659","-5,9","Markka","594,573","0,24","0,776","0,110","..","..","4,00","0,719","Kruunu","0,392","Rupla","0,03943","Punta","..","Dollari","0,80509","Markka","0,9963","Frangi","Mk","SKR","Rub","GBP","USD","M","Fr"
"77","1886","0,597","-9,4","Markka","594,573","0,23","0,695","0,060","..","..","4,00","0,719","Kruunu","0,407","Rupla","0,03943","Punta","..","Dollari","0,80697","Markka","0,9950","Frangi","Mk","SKR","Rub","GBP","USD","M","Fr"
"78","1887","0,577","-3,4","Markka","594,573","0,24","0,761","0,090","..","..","3,90","0,718","Kruunu","0,442","Rupla","0,03943","Punta","..","Dollari","0,80463","Markka","0,9971","Frangi","Mk","SKR","Rub","GBP","USD","M","Fr"
"79","1888","0,587","1,8","Markka","594,573","0,24","0,798","0,070","..","..","3,90","0,718","Kruunu","0,424","Rupla","0,03943","Punta","..","Dollari","0,80405","Markka","0,9977","Frangi","Mk","SKR","Rub","GBP","USD","M","Fr"
"80","1889","0,628","7,0","Markka","594,573","0,24","0,806","0,067","..","..","3,90","0,718","Kruunu","0,375","Rupla","0,03946","Punta","..","Dollari","0,80463","Markka","0,9975","Frangi","Mk","SKR","Rub","GBP","USD","M","Fr"
"81","1890","0,649","3,3","Markka","594,573","0,25","0,781","0,150","..","..","3,90","0,718","Kruunu","0,341","Rupla","0,03940","Punta","..","Dollari","0,80405","Markka","0,9959","Frangi","Mk","SKR","Rub","GBP","USD","M","Fr"
"82","1891","0,731","12,7","Markka","594,573","0,25","0,740","0,090","..","..","3,90","0,717","Kruunu","0,358","Rupla","0,03948","Punta","..","Dollari","0,80360","Markka","0,9970","Frangi","Mk","SKR","Rub","GBP","USD","M","Fr"
"83","1892","0,772","5,6","Markka","594,573","0,25","0,815","0,143","..","..","3,90","0,717","Kruunu","0,392","Rupla","0,03949","Punta","..","Dollari","0,80354","Markka","0,9950","Frangi","Mk","SKR","Rub","GBP","USD","M","Fr"
"84","1893","0,731","-5,3","Markka","594,573","0,25","0,874","0,077","..","..","3,90","0,717","Kruunu","0,380","Rupla","0,03940","Punta","..","Dollari","0,80438","Markka","0,9945","Frangi","Mk","SKR","Rub","GBP","USD","M","Fr"
"85","1894","0,659","-9,9","Markka","594,573","0,25","0,948","0,067","..","..","3,90","0,718","Kruunu","0,372","Rupla","0,03962","Punta","..","Dollari","0,80769","Markka","0,9987","Frangi","Mk","SKR","Rub","GBP","USD","M","Fr"
"86","1895","0,639","-3,1","Markka","594,573","0,26","0,854","0,067","..","..","3,90","0,718","Kruunu","0,415","Rupla","0,03957","Punta","..","Dollari","0,80749","Markka","0,9957","Frangi","Mk","SKR","Rub","GBP","USD","M","Fr"
"87","1896","0,649","1,6","Markka","594,573","0,26","0,923","0,057","..","..","3,90","0,718","Kruunu","0,373","Rupla","0,03954","Punta","..","Dollari","0,80619","Markka","0,9959","Frangi","Mk","SKR","Rub","GBP","USD","M","Fr"
"88","1897","0,680","4,8","Markka","594,573","0,27","1,000","0,077","..","..","3,75","0,719","Kruunu","0,373","Rupla","0,03964","Punta","..","Dollari","0,80775","Markka","0,9975","Frangi","Mk","SKR","Rub","GBP","USD","M","Fr"
"89","1898","0,700","3,0","Markka","594,573","0,28","0,960","0,093","..","..","3,75","0,720","Kruunu","0,373","Rupla","0,03954","Punta","..","Dollari","0,80788","Markka","0,9989","Frangi","Mk","SKR","Rub","GBP","USD","M","Fr"
"90","1899","0,731","4,4","Markka","594,573","0,29","0,975","0,117","..","..","3,75","0,719","Kruunu","0,373","Rupla","0,03943","Punta","..","Dollari","0,80671","Markka","0,9947","Frangi","Mk","SKR","Rub","GBP","USD","M","Fr"
"91","1900","0,742","1,4","Markka","594,573","0,30","1,044","0,100","..","..","3,75","0,719","Kruunu","0,373","Rupla","0,03935","Punta","..","Dollari","0,80580","Markka","0,9897","Frangi","Mk","SKR","Rub","GBP","USD","M","Fr"
"92","1901","0,731","-1,4","Markka","594,573","0,32","1,100","0,113","..","..","3,75","0,718","Kruunu","0,373","Rupla","0,03943","Punta","..","Dollari","0,80619","Markka","0,9912","Frangi","Mk","SKR","Rub","GBP","USD","M","Fr"
"93","1902","0,731","0,0","Markka","594,573","0,31","1,057","0,117","..","..","3,75","0,718","Kruunu","0,373","Rupla","0,03943","Punta","..","Dollari","0,80658","Markka","0,9916","Frangi","Mk","SKR","Rub","GBP","USD","M","Fr"
"94","1903","0,731","0,0","Markka","594,573","0,32","1,038","0,083","..","..","3,75","0,718","Kruunu","0,373","Rupla","0,03945","Punta","..","Dollari","0,80645","Markka","0,9920","Frangi","Mk","SKR","Rub","GBP","USD","M","Fr"
"95","1904","0,731","0,0","Markka","594,573","0,32","1,028","0,117","..","..","3,75","0,718","Kruunu","0,373","Rupla","0,03946","Punta","..","Dollari","0,80632","Markka","0,9929","Frangi","Mk","SKR","Rub","GBP","USD","M","Fr"
"96","1905","0,731","0,0","Markka","594,573","0,32","1,058","0,130","..","..","3,75","0,718","Kruunu","0,373","Rupla","0,03942","Punta","..","Dollari","0,80684","Markka","0,9920","Frangi","Mk","SKR","Rub","GBP","USD","M","Fr"
"97","1906","0,762","4,2","Markka","594,573","0,34","1,010","0,083","..","..","3,75","0,718","Kruunu","0,375","Rupla","0,03937","Punta","..","Dollari","0,80626","Markka","0,9906","Frangi","Mk","SKR","Rub","GBP","USD","M","Fr"
"98","1907","0,783","2,7","Markka","594,573","0,38","1,139","0,117","0,97","..","3,75","0,718","Kruunu","0,375","Rupla","0,03928","Punta","..","Dollari","0,80476","Markka","0,9894","Frangi","Mk","SKR","Rub","GBP","USD","M","Fr"
"99","1908","0,824","5,3","Markka","594,573","0,39","1,216","0,150","0,99","..","3,75","0,717","Kruunu","0,376","Rupla","0,03937","Punta","..","Dollari","0,80535","Markka","0,9895","Frangi","Mk","SKR","Rub","GBP","USD","M","Fr"
"100","1909","0,814","-1,3","Markka","594,573","0,38","1,260","0,120","0,99","..","3,75","0,718","Kruunu","0,373","Rupla","0,03940","Punta","..","Dollari","0,80626","Markka","0,9921","Frangi","Mk","SKR","Rub","GBP","USD","M","Fr"
"101","1910","0,814","0,0","Markka","594,573","0,39","1,263","0,100","1,04","..","3,75","0,718","Kruunu","0,373","Rupla","0,03942","Punta","..","Dollari","0,80710","Markka","0,9940","Frangi","Mk","SKR","Rub","GBP","USD","M","Fr"
"102","1911","0,844","3,8","Markka","594,573","0,40","1,316","0,130","1,40","..","3,75","0,718","Kruunu","0,372","Rupla","0,03943","Punta","..","Dollari","0,80710","Markka","0,9953","Frangi","Mk","SKR","Rub","GBP","USD","M","Fr"
"103","1912","0,865","2,4","Markka","594,573","0,41","1,357","0,147","1,53","..","3,75","0,718","Kruunu","0,375","Rupla","0,03943","Punta","..","Dollari","0,80769","Markka","0,9948","Frangi","Mk","SKR","Rub","GBP","USD","M","Fr"
"104","1913","0,865","0,0","Markka","594,573","0,41","1,338","0,133","1,53","..","3,75","0,718","Kruunu","0,375","Rupla","0,03939","Punta","0,19120","Dollari","0,80645","Markka","0,9938","Frangi","Mk","SKR","Rub","GBP","USD","M","Fr"
"105","1914","0,865","0,0","Markka","594,573","0,65","1,395","0,157","1,57","..","3,75","0,708","Kruunu","0,379","Rupla","0,03848","Punta","0,18832","Dollari","0,80548","Markka","0,9740","Frangi","Mk","SKR","Rub","GBP","USD","M","Fr"
"106","1915","1,040","20,2","Markka","594,573","0,66","1,605","0,180","1,77","..","4,70","0,586","Kruunu","0,402","Rupla","0,03196","Punta","0,15480","Dollari","..","Markka","0,8583","Frangi","Mk","SKR","Rub","GBP","USD","M","Fr"
"107","1916","1,380","32,7","Markka","594,573","0,80","1,990","0,187","3,65","..","4,70","0,488","Kruunu","0,463","Rupla","0,02915","Punta","0,13831","Dollari","..","Markka","0,8133","Frangi","Mk","SKR","Rub","GBP","USD","M","Fr"
"108","1917","2,688","94,8","Markka","594,573","1,17","4,200","0,690","8,30","..","7,50","0,425","Kruunu","0,625","Rupla","0,02857","Punta","0,13441","Dollari","..","Markka","0,7838","Frangi","Mk","SKR","Rub","GBP","USD","M","Fr"
"109","1918","9,176","241,4","Markka","594,573","2,49","12,82","1,520","21,77","..","11,25","0,381","Kruunu","..","NA","0,02538","Punta","0,12077","Dollari","0,76289","Markka","0,6853","Frangi","Mk","SKR","NA","GBP","USD","M","Fr"
"110","1919","8,136","-11,3","Markka","594,573","3,16","11,24","1,080","14,52","..","19,00","0,261","Kruunu","..","NA","0,01493","Punta","0,06418","Dollari","1,16863","Markka","0,4883","Frangi","Mk","SKR","NA","GBP","USD","M","Fr"
"111","1920","8,136","0,0","Markka","594,573","4,69","14,28","0,753","17,49","..","19,00","0,170","Kruunu","..","NA","0,00948","Punta","0,03416","Dollari","1,93237","Markka","0,4921","Frangi","Mk","SKR","NA","GBP","USD","M","Fr"
"112","1921","10,124","24,4","Markka","594,573","4,98","18,00","1,070","14,81","..","29,50","0,086","Kruunu","..","NA","0,00502","Punta","0,01920","Dollari","1,67168","Markka","0,2562","Frangi","Mk","SKR","NA","GBP","USD","M","Fr"
"113","1922","9,866","-2,5","Markka","594,573","4,86","16,74","1,030","15,65","..","33,66","0,082","Kruunu","..","NA","0,00486","Punta","0,02145","Dollari","8,71840","Markka","0,2612","Frangi","Mk","SKR","NA","GBP","USD","M","Fr"
"114","1923","9,949","0,8","Markka","594,573","5,13","14,85","1,400","15,02","..","33,66","0,101","Kruunu","..","NA","0,00584","Punta","0,02672","Dollari","..","Markka","0,4395","Frangi","Mk","SKR","NA","GBP","USD","M","Fr"
"115","1924","10,124","1,8","Markka","594,573","5,49","15,46","1,523","15,74","..","33,66","0,095","Kruunu","..","NA","0,00567","Punta","0,02509","Dollari","0,10471","Markka","0,4791","Frangi","Mk","SKR","NA","GBP","USD","RM","Fr"
"116","1925","10,556","4,3","Markka","594,573","5,64","15,85","1,453","17,68","..","38,00","0,094","Kruunu","..","NA","0,00521","Punta","0,02519","Dollari","0,10471","Markka","0,5263","Frangi","Mk","SKR","NA","GBP","USD","RM","Fr"
"117","1926","10,299","-2,4","Markka","594,573","5,99","15,27","1,283","18,03","..","43,00","0,094","Kruunu","..","NA","0,00518","Punta","0,02519","Dollari","0,10543","Markka","0,7703","Frangi","Mk","SKR","NA","GBP","USD","RM","Fr"
"118","1927","10,474","1,7","Markka","594,573","8,10","15,14","1,143","17,70","..","43,00","0,094","Kruunu","..","NA","0,00518","Punta","0,02519","Dollari","0,10570","Markka","0,6382","Frangi","Mk","SKR","NA","GBP","USD","RM","Fr"
"119","1928","10,731","2,5","Markka","594,573","9,10","15,75","1,577","16,22","..","39,00","0,094","Kruunu","","NA","0,00517","Punta","0,02519","Dollari","0,10541","Markka","0,6399","Frangi","Mk","SKR","NA","GBP","USD","RM","Fr"
"120","1929","10,649","-0,8","Markka","594,573","9,25","15,15","1,643","16,22","..","41,00","0,094","Kruunu","..","NA","0,00518","Punta","0,02519","Dollari","0,10554","Markka","0,6405","Frangi","Mk","SKR","NA","GBP","USD","RM","Fr"
"121","1930","9,784","-8,1","Markka","594,573","9,46","2,39","1,110","13,66","..","42,00","0,094","Kruunu","..","NA","0,00518","Punta","0,02519","Dollari","0,10545","Markka","0,6406","Frangi","Mk","SKR","NA","GBP","USD","RM","Fr"
"122","1931","9,001","-8,0","Markka","594,573","8,23","10,37","0,933","13,56","..","43,00","0,092","Kruunu","..","NA","0,00515","Punta","0,02297","Dollari","0,09616","Markka","0,5850","Frangi","Mk","SKR","NA","GBP","USD","RM","Fr"
"123","1932","8,919","-0,9","Markka","594,573","7,68","10,23","0,930","16,39","18,00","43,00","0,084","Kruunu","..","NA","0,00442","Punta","0,01541","Dollari","0,06482","Markka","0,3923","Frangi","Mk","SKR","NA","GBP","USD","RM","Fr"
"124","1933","8,651","-3,0","Markka","594,573","7,81","10,46","1,013","15,88","18,00","43,00","0,084","Kruunu","..","NA","0,00441","Punta","0,01817","Dollari","0,06131","Markka","0,3715","Frangi","Mk","SKR","NA","GBP","USD","RM","Fr"
"125","1934","8,568","-1,0","Markka","594,573","7,60","10,58","0,823","19,98","18,00","43,00","0,085","Kruunu","..","NA","0,00441","Punta","0,02217","Dollari","0,05631","Markka","0,3374","Frangi","Mk","SKR","NA","GBP","USD","RM","Fr"
"126","1935","8,651","1,0","Markka","594,573","7,30","11,60","0,947","14,36","18,00","43,00","0,085","Kruunu","..","NA","0,00441","Punta","0,02157","Dollari","0,05357","Markka","0,3272","Frangi","Mk","SKR","NA","GBP","USD","RM","Fr"
"127","1936","8,651","0,0","Markka","594,573","7,09","11,29","0,937","12,48","21,00","43,00","0,085","Kruunu","..","NA","0,00441","Punta","0,02182","Dollari","0,05422","Markka","0,3571","Frangi","Mk","SKR","NA","GBP","USD","RM","Fr"
"128","1937","9,083","5,0","Markka","594,573","8,15","12,70","0,983","12,77","24,00","43,00","0,085","Kruunu","..","NA","0,00441","Punta","0,02173","Dollari","0,05410","Markka","0,5345","Frangi","Mk","SKR","NA","GBP","USD","RM","Fr"
"129","1938","9,351","2,9","Markka","594,573","8,73","13,19","1,200","10,76","27,00","44,00","0,085","Kruunu","..","NA","0,00441","Punta","0,02145","Dollari","0,05351","Markka","0,7384","Frangi","Mk","SKR","NA","GBP","USD","RM","Fr"
"130","1939","9,516","1,8","Markka","594,573","9,13","13,44","1,347","14,12","30,00","44,00","0,085","Kruunu","..","NA","0,00460","Punta","0,02047","Dollari","0,05107","Markka","0,8026","Frangi","Mk","SKR","NA","GBP","USD","RM","Fr"
"131","1940","11,329","19,0","Markka","594,573","11,80","16,80","1,537","17,24","40,00","54,00","0,085","Kruunu","..","NA","0,00538","Punta","0,02026","Dollari","0,05056","Markka","0,9127","Frangi","Mk","SKR","NA","GBP","USD","RM","Fr"
"132","1941","13,388","18,2","Markka","594,573","13,20","18,98","1,630","26,98","65,00","60,00","0,085","Kruunu","..","NA","0,00512","Punta","0,02026","Dollari","0,05065","Markka","0,9346","Frangi","Mk","SKR","NA","GBP","USD","RM","Fr"
"133","1942","15,757","17,7","Markka","594,573","15,77","22,94","2,190","..","95,00","66,00","0,085","Kruunu","..","NA","0,00510","Punta","0,02026","Dollari","0,05065","Markka","0,9346","Frangi","Mk","SKR","NA","GBP","USD","RM","Fr"
"134","1943","17,817","13,1","Markka","594,573","18,80","24,00","..","..","150,00","80,00","0,085","Kruunu","..","NA","0,00510","Punta","0,02026","Dollari","0,05065","Markka","0,9346","Frangi","Mk","SKR","NA","GBP","USD","RM","Fr"
"135","1944","18,950","6,4","Markka","594,573","21,60","25,62","3,08","..","190,00","80,00","0,085","Kruunu","..","NA","0,00510","Punta","0,02026","Dollari","0,05065","Markka","0,9346","Frangi","Mk","SKR","NA","GBP","USD","RM","Fr"
"136","1945","26,571","40,2","Markka","594,573","36,62","40,12","4,83","..","250,00","106,00","0,047","Kruunu","..","NA","0,00279","Punta","0,01116","Dollari","0,05065","Markka","0,9346","Frangi","Mk","SKR","NA","GBP","USD","RM","Fr"
"137","1946","42,327","59,3","Markka","594,573","51,58","53,98","8,15","350,0","250,00","196,00","0,029","Kruunu","..","NA","0,00183","Punta","0,00735","Dollari","..","NA","0,8761","Frangi","Mk","SKR","NA","GBP","USD","NA","Fr"
"138","1947","54,995","29,9","Markka","594,573","66,81","82,43","10,58","350,0","300,00","420,00","0,026","Kruunu","..","NA","0,00183","Punta","0,00735","Dollari","..","NA","0,8772","Frangi","Mk","SKR","NA","GBP","USD","NA","Fr"
"139","1948","74,047","34,6","Markka","594,573","96,88","162,97","12,59","350,0","300,00","420,00","0,026","Kruunu","..","NA","0,00183","Punta","0,00735","Dollari","..","NA","1,5608","Frangi","Mk","SKR","NA","GBP","USD","NA","Fr"
"140","1949","75,283","1,7","Markka","594,573","103,14","157,79","9,85","340,0","300,00","420,00","0,024","Kruunu","..","NA","0,00167","Punta","0,00591","Dollari","..","NA","1,7525","Frangi","Mk","SKR","NA","GBP","USD","NA","Fr"
"141","1950","85,788","14,0","Markka","594,573","126,10","165,14","13,82","330,0","300,00","350,00","0,022","Kruunu","..","NA","0,00155","Punta","0,00433","Dollari","..","NA","1,5152","Frangi","Mk","SKR","NA","GBP","USD","NA","Fr"
"142","1951","100,0","16,6","Markka","594,573","162,94","168,30","16,53","375,9","410,00","390,00","0,022","Kruunu","0,3900","Clearingrupla","0,00155","Punta","0,00433","Dollari","..","NA","1,5152","Frangi","Mk","SKR","SUR","GBP","USD","NA","Fr"
"143","1952","101,3","1,3","Markka","594,573","172,04","221,10","17,87","350,0","410,00","480,00","0,022","Kruunu","0,3900","Clearingrupla","0,00155","Punta","0,00433","Dollari","0,01818","Markka","1,5152","Frangi","Mk","SKR","SUR","GBP","USD","DEM","Fr"
"144","1953","102,9","1,6","Markka","594,573","172,00","219,50","17,17","350,0","425,00","480,00","0,022","Kruunu","0,3900","Clearingrupla","0,00155","Punta","0,00433","Dollari","0,01818","Markka","1,5152","Frangi","Mk","SKR","SUR","GBP","USD","DEM","Fr"
"145","1954","102,8","-0,1","Markka","594,573","179,00","202,25","19,33","350,0","420,00","480,00","0,022","Kruunu","0,3900","Clearingrupla","0,00155","Punta","0,00433","Dollari","0,01818","Markka","1,5152","Frangi","Mk","SKR","SUR","GBP","USD","DEM","Fr"
"146","1955","99,4","-3,3","Markka","594,573","186,00","173,10","20,97","350,0","420,00","480,00","0,022","Kruunu","0,3900","Clearingrupla","0,00155","Punta","0,00433","Dollari","0,01818","Markka","1,5152","Frangi","Mk","SKR","SUR","GBP","USD","DEM","Fr"
"147","1956","111,0","11,7","Markka","594,573","205,00","207,62","24,31","380,0","520,00","480,00","0,022","Kruunu","0,3900","Clearingrupla","0,00155","Punta","0,00433","Dollari","0,01815","Markka","1,5211","Frangi","Mk","SKR","SUR","GBP","USD","DEM","Fr"
"148","1957","123,5","11,3","Markka","594,573","214,00","255,87","13,33","539,5","600,00","555,00","0,020","Kruunu","0,3497","Clearingrupla","0,00139","Punta","0,00389","Dollari","0,01629","Markka","1,4751","Frangi","Mk","SKR","SUR","GBP","USD","DEM","Fr"
"149","1958","131,7","6,6","Markka","594,573","226,00","238,17","23,39","570,0","600,00","630,00","0,016","Kruunu","0,2801","Clearingrupla","0,00112","Punta","0,00312","Dollari","0,01306","Markka","1,3115","Frangi","Mk","SKR","SUR","GBP","USD","DEM","Fr"
"150","1959","133,8","1,6","Markka","594,573","237,00","225,34","19,77","530,0","600,00","630,00","0,016","Kruunu","0,2806","Clearingrupla","0,00111","Punta","0,00313","Dollari","0,01305","Markka","1,5389","Frangi","Mk","SKR","SUR","GBP","USD","DEM","Fr"
"151","1960","138,1","3,2","Markka","594,573","252,00","232,00","23,66","520,0","670,00","630,00","0,016","Kruunu","0,2809","Clearingrupla","0,00111","Punta","0,00312","Dollari","0,01300","Markka","0,015288","Frangi","Mk","SKR","SUR","GBP","USD","DEM","FRF"
"152","1961","140,4","1,7","Markka","594,573","270,00","232,00","17,37","455,8","720,00","630,00","0,016","Kruunu","0,2803","Clearingrupla","0,00111","Punta","0,00312","Dollari","0,01249","Markka","0,015258","Frangi","Mk","SKR","SUR","GBP","USD","DEM","FRF"
"153","1962","146,8","4,5","Markka","594,573","285,00","232,00","34,00","400,0","770,00","630,00","0,016","Kruunu","0,2803","Clearingrupla","0,00111","Punta","0,00311","Dollari","0,01241","Markka","0,015211","Frangi","Mk","SKR","SUR","GBP","USD","DEM","FRF"
"154","1963","154,1","5,0","Markka","5,94573","2,99","2,45","0,33","3,90","7,70","4,70","1,609","Kruunu","0,2803","Clearingrupla","0,11078","Punta","0,31056","Dollari","1,23640","Markka","1,5200","Frangi","FIM","SKR","SUR","GBP","USD","DEM","FRF"
"155","1964","169,8","10,2","Markka","5,94573","3,35","2,80","0,25","4,47","9,30","5,30","1,599","Kruunu","0,2803","Clearingrupla","0,11123","Punta","0,31056","Dollari","1,23442","Markka","1,5218","Frangi","FIM","SKR","SUR","GBP","USD","DEM","FRF"
"156","1965","177,9","4,8","Markka","5,94573","3,64","3,04","0,32","4,69","9,30","5,30","1,599","Kruunu","0,2803","Clearingrupla","0,11098","Punta","0,31056","Dollari","1,23870","Markka","1,5205","Frangi","FIM","SKR","SUR","GBP","USD","DEM","FRF"
"157","1966","184,9","3,9","Markka","5,94573","3,91","1,69","0,33","4,52","10,20","5,30","1,601","Kruunu","0,2803","Clearingrupla","0,11102","Punta","0,31056","Dollari","1,23946","Markka","1,5235","Frangi","FIM","SKR","SUR","GBP","USD","DEM","FRF"
"158","1967","195,4","5,7","Markka","5,94573","4,24","2,08","0,36","5,12","10,90","5,50","1,497","Kruunu","0,2622","Clearingrupla","0,10604","Punta","0,29002","Dollari","1,15567","Markka","1,4263","Frangi","FIM","SKR","SUR","GBP","USD","DEM","FRF"
"159","1968","211,8","8,4","Markka","5,94573","4,73","4,15","0,39","5,90","10,90","5,80","1,233","Kruunu","0,2137","Clearingrupla","0,09967","Punta","0,23866","Dollari","0,95256","Markka","1,1812","Frangi","FIM","SKR","SUR","GBP","USD","DEM","FRF"
"160","1969","216,6","2,2","Markka","5,94573","5,18","4,22","0,38","5,88","10,90","5,80","1,230","Kruunu","0,2137","Clearingrupla","0,09922","Punta","0,23810","Dollari","0,94082","Markka","1,2321","Frangi","FIM","SKR","SUR","GBP","USD","DEM","FRF"
"161","1970","222,7","2,8","Markka","5,94573","5,79","4,28","0,38","5,90","12,20","5,80","1,240","Kruunu","","Clearingrupla","0,09986","Punta","0,23958","Dollari","0,87207","Markka","1,3224","Frangi","FIM","SKR","SUR","GBP","USD","DEM","FRF"
"162","1971","237,1","6,5","Markka","5,94573","6,58","3,98","0,38","6,30","13,30","5,80","1,222","Kruunu","0,2135","Clearingrupla","0,09799","Punta","0,23958","Dollari","0,83215","Markka","1,3196","Frangi","FIM","SKR","SUR","GBP","USD","DEM","FRF"
"163","1972","254,0","7,1","Markka","5,94573","7,60","4,20","0,45","6,68","13,30","6,80","1,147","Kruunu","0,2016","Clearingrupla","0,09645","Punta","0,24120","Dollari","0,76882","Markka","1,2158","Frangi","FIM","SKR","SUR","GBP","USD","DEM","FRF"
"164","1973","283,7","11,7","Markka","5,94573","8,84","4,65","0,70","7,76","16,00","7,50","1,139","Kruunu","0,1736","Clearingrupla","0,10689","Punta","0,26205","Dollari","0,69281","Markka","1,1614","Frangi","FIM","SKR","SUR","GBP","USD","DEM","FRF"
"165","1974","333,2","17,5","Markka","5,94573","10,82","5,59","0,75","8,04","16,00","8,30","1,173","Kruunu","0,2002","Clearingrupla","0,11321","Punta","0,26709","Dollari","0,68395","Markka","1,2715","Frangi","FIM","SKR","SUR","GBP","USD","DEM","FRF"
"166","1975","392,3","17,8","Markka","5,94573","13,27","6,18","0,95","7,72","20,50","9,50","1,126","Kruunu","0,1963","Clearingrupla","0,12262","Punta","0,27181","Dollari","0,66756","Markka","1,1628","Frangi","FIM","SKR","SUR","GBP","USD","DEM","FRF"
"167","1976","448,8","14,4","Markka","5,94573","15,24","8,10","1,13","10,71","25,00","12,00","1,125","Kruunu","0,1951","Clearingrupla","0,14320","Punta","0,25880","Dollari","0,65028","Markka","1,2332","Frangi","FIM","SKR","SUR","GBP","USD","DEM","FRF"
"168","1977","505,4","12,6","Markka","5,94573","16,45","9,53","1,16","18,98","25,00","14,00","1,109","Kruunu","0,1826","Clearingrupla","0,14201","Punta","0,24820","Dollari","0,57422","Markka","1,2171","Frangi","FIM","SKR","SUR","GBP","USD","DEM","FRF"
"169","1978","543,8","7,6","Markka","5,94573","17,53","9,92","1,22","17,30","27,50","15,00","1,094","Kruunu","0,1656","Clearingrupla","0,12631","Punta","0,24290","Dollari","0,48655","Markka","1,0897","Frangi","FIM","SKR","SUR","GBP","USD","DEM","FRF"
"170","1979","583,4","7,3","Markka","5,94573","19,47","10,44","1,45","14,68","33,50","16,00","1,097","Kruunu","0,1683","Clearingrupla","0,12085","Punta","0,25667","Dollari","0,47004","Markka","1,0884","Frangi","FIM","SKR","SUR","GBP","USD","DEM","FRF"
"171","1980","651,0","11,6","Markka","5,94573","21,85","11,87","2,08","15,44","36,00","18,00","1,131","Kruunu","0,1742","Clearingrupla","0,11506","Punta","0,26810","Dollari","0,48643","Markka","1,1280","Frangi","FIM","SKR","SUR","GBP","USD","DEM","FRF"
"172","1981","729,1","12,0","Markka","5,94573","24,62","13,47","2,03","14,09","40,00","21,00","1,166","Kruunu","0,1671","Clearingrupla","0,11453","Punta","0,23175","Dollari","0,52271","Markka","1,2513","Frangi","FIM","SKR","SUR","GBP","USD","DEM","FRF"
"173","1982","796,9","9,3","Markka","5,94573","27,24","15,29","3,39","14,79","45,00","24,00","1,298","Kruunu","0,1510","Clearingrupla","0,11872","Punta","0,20747","Dollari","0,50312","Markka","1,3578","Frangi","FIM","SKR","SUR","GBP","USD","DEM","FRF"
"174","1983","864,9","8,5","Markka","5,94573","29,90","16,25","2,82","16,46","50,00","25,00","1,375","Kruunu","0,1335","Clearingrupla","0,11826","Punta","0,17953","Dollari","0,45744","Markka","1,3600","Frangi","FIM","SKR","SUR","GBP","USD","DEM","FRF"
"175","1984","925,5","7,0","Markka","5,94573","33,50","17,32","2,36","17,59","52,50","28,00","1,374","Kruunu","0,1359","Clearingrupla","0,12464","Punta","0,16639","Dollari","0,47248","Markka","1,4478","Frangi","FIM","SKR","SUR","GBP","USD","DEM","FRF"
"176","1985","979,8","5,9","Markka","5,94573","35,43","18,41","3,32","21,75","55,00","32,00","1,385","Kruunu","0,1348","Clearingrupla","0,12500","Punta","0,16113","Dollari","0,47299","Markka","1,4409","Frangi","FIM","SKR","SUR","GBP","USD","DEM","FRF"
"177","1986","1015,1","3,6","Markka","5,94573","37,55","19,06","3,69","25,38","57,50","32,00","1,401","Kruunu","0,1384","Clearingrupla","0,13407","Punta","0,19693","Dollari","0,42637","Markka","1,3596","Frangi","FIM","SKR","SUR","GBP","USD","DEM","FRF"
"178","1987","1052,2","3,7","Markka","5,94573","40,23","19,03","4,34","21,30","61,00","33,00","1,438","Kruunu","0,1436","Clearingrupla","0,13864","Punta","0,22707","Dollari","0,40793","Markka","1,3615","Frangi","FIM","SKR","SUR","GBP","USD","DEM","FRF"
"179","1988","1103,8","4,9","Markka","5,94573","43,81","19,15","4,50","17,66","65,00","34,00","1,460","Kruunu","0,1451","Clearingrupla","0,13394","Punta","0,23861","Dollari","0,41850","Markka","1,4164","Frangi","FIM","SKR","SUR","GBP","USD","DEM","FRF"
"180","1989","1176,4","6,6","Markka","5,94573","47,92","20,00","3,30","17,42","70,50","36,00","1,499","Kruunu","0,1467","Clearingrupla","0,14182","Punta","0,23283","Dollari","0,43708","Markka","1,4799","Frangi","FIM","SKR","SUR","GBP","USD","DEM","FRF"
"181","1990","1248,3","6,1","Markka","5,94573","52,68","19,89","2,93","15,00","77,00","40,00","1,543","Kruunu","0,1526","Clearingrupla","0,14648","Punta","0,26103","Dollari","0,42157","Markka","1,4176","Frangi","FIM","SKR","SUR","GBP","USD","DEM","FRF"
"182","1991","1299,6","4,1","Markka","5,94573","56,00","16,62","3,11","13,95","85,00","42,00","1,496","Kruunu","..","Rupla","0,14023","Punta","0,24716","Dollari","0,41017","Markka","1,3949","Frangi","FIM","SKR","RUB ","GBP","USD","DEM","FRF"
"183","1992","1333,3","2,6","Markka","5,94573","56,81","16,33","3,72","13,73","88,00","48,00","1,296","Kruunu","..","Rupla","0,12698","Punta","0,22306","Dollari","0,34760","Markka","1,1784","Frangi","FIM","SKR","RUB ","GBP","USD","DEM","FRF"
"184","1993","1361,4","2,1","Markka","5,94573","56,98","16,11","3,16","13,55","88,00","50,00","1,361","Kruunu","..","Rupla","0,11652","Punta","0,24716","Dollari","0,28915","Markka","0,9905","Frangi","FIM","SKR","RUB ","GBP","USD","DEM","FRF"
"185","1994","1376,2","1,1","Markka","5,94573","58,29","15,71","3,62","16,52","88,00","50,00","1,480","Kruunu","..","Rupla","0,12528","Punta","0,19163","Dollari","0,31086","Markka","1,0632","Frangi","FIM","SKR","RUB ","GBP","USD","DEM","FRF"
"186","1995","1389,8","1,0","Markka","5,94573","61,37","12,95","3,68","20,36","79,00","52,00","1,633","Kruunu","..","Rupla","0,14512","Punta","0,22905","Dollari","0,32818","Markka","1,1431","Frangi","FIM","SKR","RUB ","GBP","USD","DEM","FRF"
"187","1996","1398,0","0,6","Markka","5,94573","63,73","12,84","2,82","17,40","80,00","52,00","1,460","Kruunu","..","Rupla","0,13959","Punta","0,21784","Dollari","0,32755","Markka","1,1138","Frangi","FIM","SKR","RUB ","GBP","USD","DEM","FRF"
"188","1997","1415,3","1,2","Markka","5,94573","65,00","13,24","3,11","21,68","80,00","54,00","1,471","Kruunu","..","Rupla","0,11756","Punta","0,19252","Dollari","0,33401","Markka","1,1244","Frangi","FIM","SKR","RUB ","GBP","USD","DEM","FRF"
"189","1998","1435,0","1,4","Markka","5,94573","67,12","13,68","3,66","21,74","80,00","56,00","1,488","Kruunu","..","Rupla","0,11303","Punta","0,18721","Dollari","0,32915","Markka","1,1035","Frangi","FIM","SKR","RUB ","GBP","USD","DEM","FRF"
"190","1999","1451,7","1,2","Markka","5,94573","69,03","13,83","4,42","17,54","80,00","58,00","1,481","Kruunu","4,45","Rupla","0,11079","Punta","0,1793","Dollari","0,32890","Markka","1,1030","Frangi","FIM","SKR","RUB ","GBP","USD","DEM","FRF"
"191","2000","1500,4","3,4","Markka","5,94573","71,94","13,91","3,20","18,24","81,50","60,00","1,420","Kruunu","4,37","Rupla","0,10251","Punta","0,1553","Dollari","0,32890","Markka","1,1030","Frangi","FIM","SKR","RUB ","GBP","USD","DEM","FRF"
"192","2001","1539,3","2,6","Markka","5,94573","75,33","14,00","3,58","18,00","82,50","64,00","1,557","Kruunu","4,39","Rupla","0,10459","Punta","0,1506","Dollari","0,32890","Markka","1,1030","Frangi","FIM","SKR","RUB ","GBP","USD","DEM","FRF"
"193","2002","1563,3","1,6","Euro","1","12,07","2,41","0,61","2,34","13,62","13,60","9,161","Kruunu","29,73","Rupla","0,62883","Punta","0,9456","Dollari","1","Euro","1","Euro","EUR","SKR","RUB ","GBP","USD","EUR","EUR"
"194","2003","1576,9","0,9","Euro","1","12,50","2,43","0,58","2,18","8,62","14,00","9,124","Kruunu","34,66","Rupla","0,69199","Punta","1,1312","Dollari","1","Euro","1","Euro","EUR","SKR","RUB ","GBP","USD","EUR","EUR"
"195","2004","1580,0","0,2","Euro","1","12,91","2,46","0,72","2,19","8,62","14,40","9,124","Kruunu","35,81","Rupla","0,67866","Punta","1,2439","Dollari","1","Euro","1","Euro","EUR","SKR","RUB ","GBP","USD","EUR","EUR"
"196","2005","1593,5","0,9","Euro","1","13,38","2,48","0,65","2,52","8,62","14,60","9,282","Kruunu","35,19","Rupla","0,68380","Punta","1,2441","Dollari","1","Euro","1","Euro","EUR","SKR","RUB ","GBP","USD","EUR","EUR"
"197","2006","1622,0","1,6","Euro","1","13,80","2,44","0,60","2,58","8,62","14,90","9,254","Kruunu","34,11","Rupla","0,68173","Punta","1,2556","Dollari","1","Euro","1","Euro","EUR","SKR","RUB ","GBP","USD","EUR","EUR"
"198","2007","1662,0","2,5","Euro","1","14,16","2,39","0,74","2,62","8,72","15,20","9,250","Kruunu","35,02","Rupla","0,68434","Punta","1,3705","Dollari","1","Euro","1","Euro","EUR","SKR","RUB ","GBP","USD","EUR","EUR"
"199","2008","1730,0","4,1","Euro","1","14,89","2,88","0,76","2,79","9,90","15,60","9,62","Kruunu","36,42","Rupla","0,79628","Punta","1,4708","Dollari","1","Euro","1","Euro","EUR","SKR","RUB ","GBP","USD","EUR","EUR"
"200","2009","1730,0","0,0","Euro","1","15,26","2,29","0,76","2,78","9,90","15,60","9,62","Kruunu","44,14","Rupla","0,89094","Punta","1,3948","Dollari","1","Euro","1","Euro","EUR","SKR","RUB ","GBP","USD","EUR","EUR"
"201","2010","1751,0","1,2","Euro","1","15,34","1,93","0,68","3,06","11,69","15,60","9,69","Kruunu","40,26","Rupla","0,85784","Punta","1,3257","Dollari","1","Euro","1","Euro","EUR","SKR","RUB ","GBP","USD","EUR","EUR"
"202","2011","1812,0","3,4","Euro","1","15,83","2,33","0,80","4,25","11,71","15,15","8,6515","Kruunu","40,88","Rupla","0,86788","Punta","1,392","Dollari","1","Euro","1","Euro","EUR","SKR","RUB ","GBP","USD","EUR","EUR"
"203","2012","1857,0","3,0","Euro","1","16,68","2,92","0,82","4,11","12,66","15,15","8,7041","Kruunu","39,9262","Rupla","0,81087","Punta","1,2848","Dollari","1","Euro","1","Euro","EUR","SKR","RUB ","GBP","USD","EUR","EUR"
"204","2013","1890","1,5","Euro","1","16,87","3,06","0,94","3,56","12,85","15,15","8,6515","Kruunu","42,3370","Rupla","0,84926","Punta","1,3281","Dollari","1","Euro","1","Euro","EUR","SKR","RUB ","GBP","USD","EUR","EUR"
"205","2014","1910","0,5","Euro","1","17,15","2,87","0,87","3,59","13,69","15,15","9,0985","Kruunu","50,9518","RUB","0,80612","Punta","1,3285","Dollari","1","Euro","1","Euro","EUR","SKR","RUB","GBP","USD","EUR","EUR"
"206","2015","1906","-0,2","Euro","1","17,36","2,48","0,93","3,87","13,69","15,15","9,3535","Kruunu","68,072","RUB","0,72584","Punta","1,1095","Dollari","1","Euro","1","Euro","EUR","SKR","RUB","GBP","USD","EUR","EUR"
"207","2016","1913","0,4","Euro","1","17,36","2,46","0,97","3,66","13,69","13","9,4689","Kruunu","74,1446","RUB","0,81948","Punta","1,1069","Dollari","1","Euro","1","Euro","EUR","SKR","RUB","GBP","USD","EUR","EUR"
"208","2017","1927","0,5","Euro","1","17,36","2,58","0,85","3,99","13,69","15","9,6388","Kruunu","66,0045","RUB","0,87708","Punta","1,1315","Dollari","1","Euro","1","Euro","EUR","SKR","RUB","GBP","USD","EUR","EUR"
"209","2018","1948","1,09","Euro","1","17,36 ","2,58","0,85","3,99","14,24","15","10,262","Kruunu","74,1316","RUB","0,88488","Punta","1,1803","Dollari","1","Euro","1","EUR ","EUR","SKR","RUB","GBP","USD","EUR","EUR "
"210","2019","1964","1,09","Euro","1","17,36","2,58","0,85","3,99","14,59","15","10,5257","Kruunu","73,2851","RUB","0,88488","Punta","1,1284","Dollari","1","Euro","1","Euro","EUR","SKR","RUB","GBP","USD","EUR","EUR"
